site,individual
Oslo,PD07-263
Oslo,PD07-148
Oslo,PD07-149
Oslo,PD07-152
Oslo,PD07-153
Oslo,PD07-154
Oslo,PD07-155
Oslo,PD07-249
Oslo,PD07-251
Oslo,PD07-253
Oslo,PD07-254
Oslo,PD07-255
Oslo,PD07-256
Oslo,PD07-257
Oslo,PD07-258
Oslo,PD07-259
Oslo,PD07-260
Oslo,PD07-261
Oslo,PD07-262
Oslo,PD07-263
Oslo,PD07-265
Oslo,PD10-099
Oslo,PD10-101
Oslo,PD10-103
Oslo,PD10-108
Oslo,PD10-110
Oslo,PD10-115
Oslo,PD10-116
Oslo,PD10-121
Oslo,PD10-122
Oslo,PD10-123
Oslo,PD10-127
Oslo,PD10-128
Oslo,PD10-129
Oslo,PD10-133
Oslo,PD10-134
Oslo,PD10-135
Oslo,PD10-136
Oslo,PD10-137
Oslo,PD10-141
Oslo,PD10-144
Oslo,PD10-145
Oslo,PD10-146
Oslo,PD10-149
Oslo,PD10-151
Oslo,PD10-153
Oslo,PD10-154
Oslo,PD10-155
Oslo,PD10-156
Oslo,PD10-158
Oslo,PD10-159
Oslo,PD10-162
Oslo,PD10-163
Oslo,PD10-167
Oslo,PD11-233
Oslo,PD11-232
Oslo,PD10-150
Oslo,PD10-166
Kralove,PD11-238
Kralove,PD11-239
Kralove,PD11-240
Kralove,PD11-241
Kralove,PD11-242
Kralove,PD11-243
Kralove,PD11-244
Kralove,PD11-245
Kralove,PD11-246
Kralove,PD11-247
Kralove,PD11-248
Kralove,PD11-249
Kralove,PD11-250
Kralove,PD11-251
Kralove,PD11-252
Kralove,PD11-253
Kralove,PD11-254
Kralove,PD11-255
Kralove,PD11-258
Kralove,PD11-259
Kralove,PD11-260
Kralove,PD11-261
Kralove,PD11-263
Kralove,PD11-265
Kralove,PD11-266
Kralove,PD11-268
Kralove,PD11-269
