chrom,locus,param
mtDNA,ND2,alpha_loc_0_pop_0
Z,LNPEP,alpha_loc_1_pop_0
Z,CLTA,alpha_loc_2_pop_0
Z,NFIL3,alpha_loc_3_pop_0
Z,SECISBP2,alpha_loc_4_pop_0
Z,ZCCHC6,alpha_loc_5_pop_0
Z,CETN3,alpha_loc_6_pop_0
Z,ZFAND5,alpha_loc_7_pop_0
Z,APC_2,alpha_loc_8_pop_0
Z,APC_6,alpha_loc_9_pop_0
Z,REEP5,alpha_loc_10_pop_0
Z,SNX2,alpha_loc_11_pop_0
Z,CHD1Z_1,alpha_loc_12_pop_0
Z,HSDL2_1,alpha_loc_13_pop_0
Z,ACO1,alpha_loc_14_pop_0
Z,MCCC2,alpha_loc_15_pop_0
Z,GTF2H2_2,alpha_loc_16_pop_0
Z,PIK3C3,alpha_loc_17_pop_0
Z,TJP2_2,alpha_loc_18_pop_0
Z,ADFP,alpha_loc_19_pop_0
Z,MAP1B,alpha_loc_20_pop_0
Z,TNPO1_1,alpha_loc_21_pop_0
1,CNKSR2,alpha_loc_22_pop_0
1,MYCBP2,alpha_loc_23_pop_0
1,NDFIP2_1,alpha_loc_24_pop_0
1,TMEM135,alpha_loc_25_pop_0
1,RSF1,alpha_loc_26_pop_0
1,A2M_1,alpha_loc_27_pop_0
1,A2ML1_1,alpha_loc_28_pop_0
1,A2ML1_6,alpha_loc_29_pop_0
1,GSTK1,alpha_loc_30_pop_0
1A,SLC38A2,alpha_loc_31_pop_0
1A,VWF_2,alpha_loc_32_pop_0
1A,DYRK4,alpha_loc_33_pop_0
2,LANCL2,alpha_loc_34_pop_0
2,HypC2,alpha_loc_35_pop_0
2,CDC2l5_2,alpha_loc_36_pop_0
2,PTPRM,alpha_loc_37_pop_0
2,RB1CC1,alpha_loc_38_pop_0
3,WDR92,alpha_loc_39_pop_0
3,PPP3R1,alpha_loc_40_pop_0
3,MIA3,alpha_loc_41_pop_0
3,RRP15,alpha_loc_42_pop_0
3,GNPAT_3,alpha_loc_43_pop_0
3,Vps20_1,alpha_loc_44_pop_0
3,PHF3,alpha_loc_45_pop_0
3,YWHAQ,alpha_loc_46_pop_0
4,G3BP2,alpha_loc_47_pop_0
4,ANKRD17_2,alpha_loc_48_pop_0
4,FAM13A1,alpha_loc_49_pop_0
4,EFHA2,alpha_loc_50_pop_0
4,STIM2,alpha_loc_51_pop_0
4A,RPS4_1,alpha_loc_52_pop_0
4A,TFIID1,alpha_loc_53_pop_0
5,RASGRP1,alpha_loc_54_pop_0
5,HECTD1,alpha_loc_55_pop_0
5,ARHGAP5,alpha_loc_56_pop_0
5,SMEK1,alpha_loc_57_pop_0
5,USP47,alpha_loc_58_pop_0
6,CCAR1,alpha_loc_59_pop_0
6,GSTO2,alpha_loc_60_pop_0
7,OSBPL6,alpha_loc_61_pop_0
8,RABGAP1l_2,alpha_loc_62_pop_0
8,UnTrC8,alpha_loc_63_pop_0
8,LPPR1,alpha_loc_64_pop_0
8,EPS15,alpha_loc_65_pop_0
8,PRRC2C_1,alpha_loc_66_pop_0
9,ILKAP,alpha_loc_67_pop_0
10,KIAA1370,alpha_loc_68_pop_0
10,COPS2,alpha_loc_69_pop_0
10,ETFA_1,alpha_loc_70_pop_0
12,MTMR14,alpha_loc_71_pop_0
13,EGR1,alpha_loc_72_pop_0
18,PITPNC1,alpha_loc_73_pop_0
18,PECAM1,alpha_loc_74_pop_0
19,CLIP2,alpha_loc_75_pop_0
20,NCOA3,alpha_loc_76_pop_0
